<?xml version="1.0" encoding="UTF-8"?>
<project-private xmlns="http://www.netbeans.org/ns/project-private/1">
    <editor-bookmarks xmlns="http://www.netbeans.org/ns/editor-bookmarks/2" lastBookmarkId="0"/>
    <open-files xmlns="http://www.netbeans.org/ns/projectui-open-files/2">
        <group>
            <file>file:/home/estudiantes/felipe.zora/Downloads/cc1/src/java/Servlet/InicioSesion.java</file>
            <file>file:/home/estudiantes/felipe.zora/Downloads/cc1/src/java/Controlador/Consultas.java</file>
            <file>file:/home/estudiantes/felipe.zora/Downloads/cc1/src/java/Servlet/RegistrarUser.java</file>
            <file>file:/home/estudiantes/felipe.zora/Downloads/cc1/src/java/Servlet/ReservarBoleta.java</file>
            <file>file:/home/estudiantes/felipe.zora/Downloads/cc1/src/java/Controlador/Conexion.java</file>
        </group>
    </open-files>
</project-private>
